"marker","latitude","longitude"
"1","36.31915174185337","139.84288610607962"
"2","36.319058524356315","139.8428445318399"
"3","36.31894391252681","139.84280295760016"
"4","36.318898067747824","139.8428284385858"
"5","36.31886139190523","139.8429169514833"
"6","36.31882624420655","139.84303899199347"
"7","36.318791096492006","139.84316103250364"
"8","36.31875594876164","139.84328307301382"
"9","36.3187208010154","139.843405113524"
"10","36.31868565325333","139.84352715403418"
"11","36.31865050547539","139.84364919454435"
"12","36.318621470342535","139.84371490866522"
"13","36.318560343711695","139.84369881541113"
"14","36.31849463253007","139.84365992338041"
"15","36.318424336786066","139.84362505466322"
"16","36.31836626634103","139.84359420925955"
"17","36.318325005735375","139.84366797000746"
"18","36.318294442309714","139.84379537493567"
"19","36.31824859714873","139.8439294853864"
"20","36.31820275196078","139.8440193393884"
"21","36.31810800515355","139.8439804473577"
"22","36.318013258231154","139.843946919745"
"23","36.3179185111936","139.84391339213232"
"24","36.31782376404088","139.84387986451964"
"25","36.31772901677298","139.84384633690695"
"26","36.3176281566516","139.84379135162214"
"27","36.317510486345036","139.8437296608148"
"28","36.317426436017286","139.84366662890295"
"29","36.31744018971348","139.84355934054236"
"30","36.317486035349944","139.8434212067781"
"31","36.317542578264444","139.8432616153417"
"32","36.31759606476746","139.84308727175573"
"33","36.317649551233735","139.84291292816977"
"34","36.31770303766332","139.8427385845838"
"35","36.317756524056215","139.84256424099783"
"36","36.317813066774505","139.84238989741186"
"37","36.31786960945178","139.8422155538259"
"38","36.31792615208804","139.84204121023993"
"39","36.31798269468329","139.84186686665396"
"40","36.318039237237535","139.841692523068"
"41","36.31806215988295","139.84163753778319"
"42","36.31816607579105","139.8416576543508"
"43","36.318292914138176","139.84170593411307"
"44","36.31842586495517","139.84177298933844"
"45","36.318558815545394","139.8418400445638"
"46","36.31869176590884","139.84190709978918"
"47","36.31882471604551","139.84197415501455"
"48","36.3189164056628","139.84201170594076"
"49","36.31904935541631","139.8420733967481"
"50","36.319182304943034","139.84213508755545"
"51","36.319281634901216","139.84217129737715"
"52","36.3192739941397","139.84225578696112"
"53","36.3192403747801","139.84234966427664"
"54","36.31920675540601","139.84244354159216"
"55","36.31917619232608","139.84255485326628"
"56","36.31914562923418","139.8426661649404"
